{"cameraMode":{"drawMode":0,"name":"Shaded","section":"Shading Mode"},"sceneLighting":true,"audioPlay":false,"sceneViewState":{"m_AlwaysRefresh":false,"showFog":true,"showSkybox":true,"showFlares":true,"showImageEffects":true,"showParticleSystems":true,"showVisualEffectGraphs":true,"m_FxEnabled":true},"in2DMode":false,"pivot":{"x":269.3810119628906,"y":339.12322998046877,"z":-202.91473388671876},"rotation":{"x":0.05276654288172722,"y":0.021287893876433374,"z":-0.0009837020188570023,"w":0.9981579184532166},"size":210.9163818359375,"orthographic":false}